0x2f5a784A626e668C84B73C88E6576a36B394a0c4,2000000000000000000
0x2f5a784A626e668C84B73C88E6576a36B394a0c4,2000000000000000000
0x2f5a784A626e668C84B73C88E6576a36B394a0c4,2000000000000000000
0x6FE0641DAD9434eCE2BDAe9F9eEDAd50D5451BEd,2000000000000000000
0x7FE0641DAD9434eCE2BDAe9F9edDAB50D5451BEd,2000000000000000000
0x8FE0641DAD9434eCE2BDAe9F9edDAB50D5451BEd,2000000000000000000
0x9FE0641DAD9434eCE2BDAe9F9edDAB50D5451BEd,2000000000000000000
0x0FE0641DAD9434eCE2BDAe9F9edDAB50D5451BEd,2000000000000000000
0x1FE0641DAD9434eCE2BDAe9F9edDAB50D5451BEd,2000000000000000000
0x2FE0641DAD9434eCE2BDAe9F9edDAB50D5451BEd,2000000000000000000
0x3FE0641DAD9434eCE2BDAe9F9edDAB50D5451BEd,2000000000000000000